Epoch,MSE,C-Index,RM2,Pearson,AUPR
1,0.75630504,0.772115052,0.244664321,0.498392259,0.541616766
2,0.6187586,0.795839241,0.337656947,0.581920968,0.417018002
3,0.58878416,0.794621677,0.358179711,0.604199915,0.466840082
4,0.6021875,0.78419535,0.349336756,0.605774346,0.484462573
5,0.6008062,0.79198546,0.357946749,0.61206859,0.470201766
6,0.60919374,0.794293241,0.357050181,0.615556235,0.470201766
7,0.5526769,0.799922214,0.381592208,0.621763703,0.455102054
8,0.49347317,0.806963254,0.390395846,0.631687613,0.46960376
9,0.584632,0.799614377,0.396320816,0.635811965,0.455773662
10,0.5032061,0.805501182,0.377815479,0.634724493,0.465230461
11,0.5070358,0.817659359,0.388313953,0.643531784,0.471710744
12,0.5354016,0.795324954,0.367445801,0.637198179,0.442729238
13,0.4834111,0.819950063,0.423524111,0.658265738,0.488290565
14,0.5166418,0.824338576,0.433395357,0.660674481,0.481907731
15,0.4880226,0.826175718,0.435930068,0.666954781,0.470008275
16,0.5571894,0.824748106,0.441133725,0.679011262,0.527295861
17,0.4621998,0.834684803,0.452594339,0.692678103,0.531645335
18,0.45414922,0.836561689,0.475157172,0.699770824,0.537913917
19,0.4206804,0.838937623,0.489986492,0.704501584,0.536115669
20,0.44880122,0.839463396,0.503475004,0.710475001,0.576067042
21,0.45861226,0.838023838,0.479916162,0.716622398,0.563721267
22,0.41888556,0.835892565,0.493414517,0.726634555,0.58849466
23,0.5047831,0.846084262,0.508350931,0.730295958,0.569116435
24,0.4380391,0.850330649,0.543658841,0.74216595,0.593955335
25,0.40769514,0.850660463,0.528767299,0.752224808,0.59742637
26,0.47974432,0.847646419,0.52948974,0.754988389,0.582420619
27,0.4306129,0.84983497,0.554053512,0.760378395,0.608308219
28,0.3708848,0.855698496,0.568864801,0.766345176,0.635980504
29,0.36090058,0.861483378,0.583849136,0.776371201,0.645791896
30,0.34531975,0.86088279,0.568275532,0.771998337,0.617678535
31,0.33275533,0.865184465,0.588965953,0.778384679,0.636343393
32,0.4375367,0.861807679,0.577909715,0.77570361,0.613352879
33,0.3620743,0.857289293,0.584734032,0.777541067,0.620791546
34,0.34539026,0.868831413,0.614222912,0.785352344,0.637030906
35,0.39612588,0.863042013,0.572643874,0.784081546,0.621708809
36,0.36520258,0.859437029,0.565385989,0.776283541,0.62521457
37,0.3129535,0.868677342,0.603828935,0.788336691,0.626762519
38,0.33065656,0.866507092,0.611912852,0.790461845,0.640259534
39,0.3105516,0.872519482,0.595335398,0.792811723,0.648462269
40,0.34106258,0.869913896,0.628896582,0.793857966,0.624878278
41,0.3154531,0.868502671,0.628703493,0.794644825,0.644572599
42,0.30425552,0.872182699,0.627647547,0.795285657,0.640613025
43,0.3061838,0.874102009,0.617128188,0.792119356,0.641265747
44,0.33594197,0.867095964,0.601838417,0.792095921,0.639231609
45,0.34184512,0.871818043,0.635230589,0.797128149,0.656280082
46,0.32830477,0.869607284,0.610530449,0.80022614,0.640519484
47,0.3257869,0.873953757,0.608448221,0.804665557,0.66458543
48,0.2952164,0.872689022,0.641321139,0.8034857,0.667933248
49,0.32273132,0.86770061,0.626745599,0.800064918,0.64381534
50,0.3056988,0.874015937,0.619969285,0.806145286,0.666789068
51,0.3151821,0.866958203,0.61111558,0.803464834,0.650452567
52,0.31069478,0.869989477,0.650103812,0.806965737,0.645206865
53,0.2945724,0.870455214,0.62522813,0.805567123,0.650650498
54,0.34141624,0.875060591,0.648205984,0.812693603,0.656918733
55,0.35185066,0.87680454,0.663223135,0.814962235,0.668937373
56,0.2812172,0.870451232,0.655233962,0.814011858,0.684090603
57,0.33326823,0.870430939,0.636544146,0.816110956,0.661624428
58,0.2825844,0.87184852,0.662691017,0.818045354,0.68173283
59,0.2715726,0.875652449,0.672026824,0.820192022,0.683382863
60,0.26577723,0.876542573,0.664706038,0.823076829,0.683613823
61,0.268348,0.875195672,0.658606111,0.825758749,0.708423742
62,0.3093474,0.86892453,0.618748559,0.817657906,0.670327227
63,0.2943474,0.871893318,0.662410916,0.819944801,0.664571269
64,0.28901717,0.87678777,0.653592267,0.825017772,0.682736085
65,0.2777762,0.873746618,0.654271987,0.823586315,0.688454842
66,0.2653773,0.872249015,0.655892819,0.818047324,0.673633395
67,0.30261964,0.870607295,0.638459785,0.820282838,0.6644226
68,0.28414893,0.87572022,0.650484844,0.817028207,0.65123504
69,0.2633616,0.87448198,0.664000518,0.821792927,0.688718225
70,0.26122028,0.874516823,0.678395253,0.824550034,0.677972789
71,0.2724407,0.873955671,0.683393626,0.826707114,0.684184049
72,0.26748174,0.873686046,0.667857623,0.821325192,0.674756094
73,0.2886609,0.879306212,0.678808517,0.828364154,0.683698374
74,0.32571653,0.879856413,0.673952724,0.827067193,0.673513807
75,0.25707507,0.874528156,0.668374693,0.826352117,0.689310793
76,0.25068775,0.879494743,0.67114417,0.830196991,0.690993775
77,0.26849982,0.876541194,0.678921488,0.824728979,0.683627709
78,0.25818634,0.878232765,0.658848488,0.831051656,0.687060057
79,0.28906485,0.877965361,0.672777196,0.828844035,0.66068611
80,0.25683266,0.880492227,0.668810947,0.827922794,0.686815891
81,0.31146663,0.872402856,0.66026605,0.820880203,0.668654037
82,0.2654209,0.876296533,0.66638687,0.826856126,0.681325957
83,0.31441224,0.871539152,0.646387528,0.818416588,0.659484176
84,0.27024984,0.874496683,0.671704309,0.821305649,0.679874882
85,0.26012915,0.876109074,0.673659166,0.823106221,0.686518968
86,0.25855276,0.873036908,0.672602925,0.825239197,0.683922134
87,0.25879413,0.875000096,0.672364272,0.82675611,0.691136775
88,0.25790992,0.878083059,0.667830605,0.82663133,0.686455628
89,0.28822473,0.876201042,0.658096645,0.822589477,0.685579275
90,0.2664542,0.87733575,0.665837678,0.828578863,0.673707074
91,0.2777807,0.878027847,0.669041212,0.827995276,0.66983062
92,0.28486085,0.87264859,0.671997859,0.829261272,0.668669254
93,0.25502387,0.879305447,0.666047775,0.827889757,0.677787322
94,0.25524414,0.876692662,0.673787577,0.830480271,0.682348032
95,0.27501425,0.879207276,0.689560956,0.830927876,0.670431326
96,0.2524854,0.8773163,0.672394052,0.831511124,0.696462048
97,0.27942783,0.868801319,0.6548549,0.825318534,0.68033669
98,0.26540655,0.876083957,0.685300406,0.828054574,0.682458034
99,0.26612127,0.872693846,0.682211442,0.82684153,0.689613602
100,0.2477768,0.878469616,0.671057065,0.83203806,0.689011101
101,0.26526952,0.873818829,0.680916851,0.826355898,0.675908219
102,0.28741875,0.875718765,0.695180743,0.834176673,0.670251638
103,0.254955,0.872395888,0.677348226,0.827509457,0.700694562
104,0.25665915,0.876649473,0.685885338,0.831394233,0.68912391
105,0.24876498,0.882434968,0.673104796,0.833537612,0.703663117
106,0.28269628,0.874035387,0.675284373,0.826120189,0.68033669
107,0.2583705,0.879083146,0.674816148,0.834681434,0.693196618
108,0.273182,0.876008529,0.673484545,0.828645531,0.674782818
109,0.2493952,0.881165256,0.686017617,0.834600283,0.689353707
110,0.2538856,0.878234833,0.688704586,0.83279026,0.680060282
111,0.25241646,0.874220089,0.684465286,0.832221504,0.692371581
112,0.25615168,0.877034346,0.664413975,0.829093577,0.689353707
113,0.25993994,0.878197617,0.671806857,0.830683556,0.670404032
114,0.2601844,0.8772993,0.682985731,0.832743524,0.676987878
115,0.25164324,0.877716564,0.686105822,0.828487954,0.686536318
116,0.2509151,0.876245993,0.676692386,0.829253936,0.669731173
117,0.26239863,0.869963671,0.674637262,0.824206703,0.70770136
118,0.278622,0.87056579,0.673597632,0.829563589,0.6809139
119,0.24530894,0.880207363,0.69975364,0.836902364,0.700481936
120,0.24910599,0.874160743,0.679554377,0.832195428,0.708301965
121,0.24118109,0.885236896,0.68868267,0.83882042,0.703658076
122,0.27659315,0.874221238,0.651417319,0.829838219,0.671531654
123,0.25771013,0.872254605,0.667980796,0.833026397,0.683698312
124,0.25173852,0.873600893,0.670456571,0.830284284,0.67328108
125,0.24539305,0.880103755,0.692183154,0.838020869,0.686599856
126,0.27815703,0.87508724,0.67958547,0.83622963,0.673140012
127,0.2569387,0.873977266,0.691462256,0.834805646,0.680746168
128,0.2587214,0.874614074,0.660979587,0.830952041,0.668255333
129,0.25187793,0.876092074,0.66630192,0.831376037,0.678219206
130,0.29260296,0.872562135,0.673452589,0.834828285,0.679971879
131,0.25650686,0.8788842,0.690738407,0.836728279,0.675327576
132,0.26368332,0.87482688,0.68701561,0.840278414,0.67268098
133,0.24403785,0.881808344,0.670700621,0.836591198,0.696798196
134,0.24199769,0.871124798,0.678590706,0.837009948,0.695556484
135,0.26031828,0.876712572,0.679523955,0.835771209,0.672276523
136,0.24144365,0.880235849,0.683803019,0.836710333,0.704390118
137,0.26271874,0.87365687,0.694979155,0.83441835,0.67554
138,0.2686282,0.875485973,0.687623205,0.83396877,0.679337584
139,0.24784878,0.876189403,0.68627407,0.835189804,0.690731564
140,0.24763072,0.880368173,0.685426019,0.836865133,0.698374013
141,0.2542764,0.877605069,0.686058527,0.838251889,0.689448754
142,0.24278006,0.877375034,0.680438057,0.837822923,0.692365927
143,0.24253073,0.876324483,0.693830238,0.835666618,0.693817154
144,0.24999325,0.879804571,0.69050301,0.839666783,0.702213916
145,0.2414382,0.873961568,0.698712469,0.836900544,0.695242224
146,0.25886112,0.879997926,0.700464805,0.838471282,0.678131507
147,0.2415211,0.877418376,0.700838282,0.838144453,0.695083033
148,0.26753846,0.874165184,0.702517053,0.838356856,0.680542955
149,0.24222448,0.879650806,0.705190051,0.840490227,0.708563608
150,0.24039562,0.880485718,0.703101609,0.840150756,0.679164056
151,0.2657434,0.880374299,0.671240146,0.835516962,0.66458543
152,0.23645625,0.884009837,0.694415915,0.842559495,0.71502872
153,0.26105815,0.881871979,0.685458068,0.839247172,0.692087824
154,0.24661851,0.878945538,0.674724451,0.835200154,0.700358536
155,0.28879547,0.879762148,0.699896936,0.838962743,0.68890808
156,0.24176213,0.872643919,0.68096705,0.840369948,0.700057754
157,0.2683448,0.870915821,0.676480056,0.832678096,0.698146063
158,0.27426866,0.876114128,0.668288154,0.839274393,0.689687773
159,0.24986361,0.88060487,0.702120955,0.841188541,0.688468446
160,0.24153511,0.87789269,0.709447019,0.843234471,0.684401482
161,0.23973854,0.878227175,0.696230216,0.837705443,0.682798593
162,0.23268205,0.881865929,0.706799298,0.842657167,0.698156419
163,0.24143218,0.883776815,0.71204758,0.845764294,0.697281701
164,0.23772445,0.878880295,0.692382199,0.843008549,0.676130905
165,0.2402216,0.884716406,0.701500427,0.84491779,0.690932497
166,0.24373002,0.882435198,0.701244212,0.842858481,0.683800942
167,0.238753,0.881784146,0.711160906,0.844677195,0.689585889
168,0.23630434,0.884387894,0.71003469,0.844989642,0.683800942
169,0.23995237,0.884204953,0.706643033,0.843125291,0.689699074
170,0.22891533,0.888165557,0.694055318,0.847215451,0.696798196
171,0.27150235,0.880021435,0.701193368,0.841477986,0.677910963
172,0.24354236,0.880711235,0.709729599,0.845075018,0.693628057
173,0.24950916,0.881668592,0.700500472,0.843769833,0.701283076
174,0.2396519,0.880178034,0.697149856,0.843008736,0.701181792
175,0.25385168,0.874370255,0.698328863,0.843794399,0.700061331
176,0.23834516,0.884210237,0.709636545,0.843106965,0.684909501
177,0.23387654,0.886751958,0.701972126,0.846006723,0.705287049
178,0.25099075,0.879805643,0.693212765,0.840963344,0.695446174
179,0.2357132,0.886573689,0.708949985,0.844021482,0.686409448
180,0.23625523,0.882325694,0.703866734,0.842996704,0.70770136
181,0.23714544,0.879089272,0.694802386,0.840485652,0.684923937
182,0.23714231,0.879661067,0.69498979,0.839577368,0.69649889
183,0.24341,0.881084927,0.708779958,0.8450917,0.704249536
184,0.23187628,0.882056681,0.70438888,0.845749098,0.685149985
185,0.23308682,0.882412225,0.691656819,0.842445755,0.683877894
186,0.22861993,0.885480026,0.70759985,0.850421102,0.698024615
187,0.22599442,0.88612319,0.709859487,0.849716198,0.682798593
188,0.23904786,0.881652664,0.713643392,0.848046461,0.682775326
189,0.26626763,0.874512151,0.693224302,0.84688395,0.685452425
190,0.2439998,0.881314656,0.711079002,0.848180173,0.678817267
191,0.23591281,0.8810654,0.70007931,0.846320148,0.68500973
192,0.24964757,0.882059821,0.693806888,0.845571342,0.686614713
193,0.22984006,0.882015406,0.715375501,0.847329125,0.68637015
194,0.23826629,0.882869539,0.692506255,0.843982992,0.68151012
195,0.2334824,0.88510082,0.710729339,0.845444567,0.668944383
196,0.23606953,0.880827937,0.694633485,0.845477786,0.688910815
197,0.24250011,0.882964034,0.715789907,0.847736869,0.684822173
198,0.24287568,0.879186294,0.699793888,0.842062344,0.691978559
199,0.24732551,0.877437137,0.711951879,0.844175172,0.691036718
200,0.24042653,0.881999172,0.7006453,0.842304792,0.683547068
201,0.2431779,0.880789266,0.703418956,0.845794439,0.677853337
202,0.2516141,0.876717014,0.689088295,0.842798316,0.681975769
203,0.23204134,0.881772353,0.716323349,0.846765011,0.700891622
204,0.23200534,0.883324172,0.71329427,0.846727208,0.682406201
205,0.24329042,0.874103004,0.669107296,0.841915777,0.689613602
206,0.250203,0.876320348,0.689731315,0.848156707,0.698691591
207,0.23454794,0.881237544,0.70112377,0.848353664,0.690792217
208,0.24051178,0.877926384,0.710558537,0.846602172,0.688258789
209,0.24112056,0.886988962,0.722988138,0.85162973,0.709005681
210,0.23877077,0.879601491,0.700856636,0.843935684,0.701378465
211,0.2503633,0.879468401,0.714167149,0.846185685,0.693680117
212,0.22912054,0.885892083,0.710937684,0.850078061,0.704350365
213,0.2406779,0.877127003,0.696275825,0.84736536,0.697226949
214,0.2289273,0.881885686,0.715914391,0.846156721,0.686659878
215,0.22766542,0.886476667,0.704663675,0.84892547,0.70798805
216,0.22796267,0.885434463,0.711427251,0.851460695,0.697954366
217,0.2298111,0.884172179,0.709727244,0.848352912,0.695699836
218,0.24221864,0.881448435,0.71695086,0.848030252,0.68912391
219,0.22253856,0.882878651,0.722976512,0.851244717,0.692365927
220,0.24717252,0.884164368,0.709526467,0.847307134,0.677862649
221,0.24202867,0.87876612,0.687944841,0.846868964,0.683769855
222,0.24372827,0.876099732,0.693552213,0.847864386,0.685579275
223,0.2271826,0.885268752,0.713653134,0.846811684,0.675953768
224,0.23777679,0.882328527,0.695908897,0.850566988,0.710869716
225,0.22253518,0.884990933,0.717099496,0.851232485,0.699902641
226,0.23653167,0.880542001,0.719186674,0.849243916,0.687692665
227,0.24711071,0.879438843,0.716047342,0.847214693,0.700833392
228,0.23613946,0.885543124,0.71250073,0.850039248,0.681986461
229,0.22308715,0.885464174,0.725126065,0.851610782,0.683682691
230,0.2284915,0.885883353,0.704305478,0.848287936,0.700962144
231,0.24292445,0.872025871,0.692442085,0.846904606,0.705868383
232,0.23042932,0.880499961,0.700557129,0.849693568,0.696511825
233,0.23864008,0.884397772,0.723821891,0.851863575,0.702854631
234,0.24360237,0.883802698,0.698825536,0.851336736,0.693476886
235,0.22714846,0.883346379,0.712676558,0.850381179,0.713266063
236,0.24482307,0.876579712,0.693437671,0.847052101,0.683154835
237,0.22768795,0.880670113,0.7020359,0.847715048,0.690932497
238,0.2335326,0.885005329,0.716710878,0.852149097,0.696759239
239,0.22508514,0.888414048,0.721839656,0.852983569,0.699529791
240,0.2294523,0.880047548,0.710396348,0.848507857,0.687967585
241,0.23669004,0.884538443,0.70761839,0.850332939,0.698287533
242,0.2287604,0.884860676,0.715151464,0.850833084,0.707929922
243,0.23786211,0.883623739,0.721534574,0.851881167,0.685665859
244,0.23853971,0.878199531,0.708475975,0.846700293,0.700116314
245,0.22748102,0.87993789,0.712982047,0.848249405,0.697987328
246,0.22866423,0.877065283,0.701220537,0.850054897,0.703980051
247,0.22537425,0.883236722,0.708692811,0.848164001,0.691066606
248,0.25332305,0.87963909,0.70738537,0.849172324,0.702587822
249,0.22892226,0.878611818,0.714469881,0.847814207,0.689274444
250,0.2306626,0.88335756,0.715802864,0.852787019,0.698114048
251,0.22983082,0.880375448,0.682852407,0.850193939,0.701759237
252,0.24350552,0.875483369,0.682357818,0.849209669,0.691027082
253,0.23356855,0.881317872,0.700157905,0.846016497,0.693681675
254,0.22989504,0.880779464,0.708569736,0.846042328,0.69649889
255,0.22833249,0.88226405,0.713586605,0.8518803,0.674697169
256,0.2354975,0.87769183,0.712888495,0.848607647,0.688392667
257,0.2214812,0.88131726,0.718059591,0.851818817,0.695070426
258,0.23096539,0.882295905,0.714109996,0.85076987,0.693736363
259,0.22957966,0.876743279,0.714650466,0.849726938,0.685150415
260,0.22546811,0.877456894,0.714855738,0.851128926,0.70124551
261,0.24279247,0.875773134,0.695657439,0.84905557,0.712613216
262,0.22424327,0.878516098,0.703284993,0.848926587,0.684579976
263,0.22919887,0.878883128,0.715954042,0.848667623,0.700891622
264,0.23056085,0.878922795,0.697358859,0.85137137,0.696462048
265,0.23599364,0.879577063,0.714154471,0.848518905,0.687929446
266,0.22140224,0.884519299,0.721429319,0.851585414,0.69160492
267,0.23642851,0.877953492,0.714209034,0.848786631,0.699636692
268,0.2311464,0.885556525,0.725790563,0.851970112,0.691136775
269,0.23158096,0.883976832,0.718942907,0.847935393,0.701378465
270,0.23417917,0.881773808,0.715687496,0.852120723,0.699286512
271,0.22450034,0.880596447,0.699258802,0.850259073,0.683465855
272,0.23955461,0.87560367,0.697334566,0.849645137,0.689701142
273,0.23119484,0.878852727,0.706426024,0.850289299,0.714465793
274,0.22488867,0.880385403,0.721287082,0.854411762,0.691266426
275,0.22634265,0.882875052,0.715564125,0.853271838,0.699827233
276,0.23837878,0.87906538,0.712429003,0.8504228,0.693011361
277,0.23265342,0.880449956,0.712909999,0.851154438,0.70145738
278,0.22191454,0.87997258,0.725353984,0.852698385,0.705213314
279,0.2328991,0.876160227,0.69040817,0.852378263,0.703353554
280,0.22108993,0.879335847,0.708398409,0.854420488,0.683698312
281,0.22435544,0.884971099,0.718848183,0.853247654,0.698287533
282,0.22738083,0.884071327,0.71284407,0.848338418,0.689389944
283,0.22403423,0.883764639,0.729283283,0.854031572,0.708197883
284,0.22851865,0.884725519,0.719156352,0.854601394,0.71485712
285,0.22888559,0.873214183,0.708103828,0.852907567,0.700927686
286,0.22526865,0.878580269,0.716727691,0.853837122,0.698875688
287,0.2276024,0.878088496,0.721099484,0.852165862,0.70770136
288,0.23290758,0.878988497,0.710070215,0.850458148,0.693011361
289,0.2183991,0.886234149,0.727039947,0.855494893,0.699523944
290,0.2531997,0.884041769,0.709874741,0.851432252,0.689301972
291,0.23432876,0.875408018,0.698492449,0.845235644,0.694620112
292,0.2194525,0.878583562,0.696896743,0.852920369,0.687932414
293,0.22530301,0.884387281,0.713212393,0.853884408,0.710777414
294,0.2375451,0.876918945,0.713487802,0.851554041,0.687929446
295,0.21724795,0.88669445,0.711415809,0.854682817,0.695097197
296,0.22950569,0.885007167,0.719978209,0.853537781,0.702854631
297,0.23071674,0.879684959,0.704770732,0.854852543,0.703176185
298,0.2175791,0.884037098,0.719147012,0.854137314,0.710926246
299,0.22787447,0.87921815,0.713937523,0.851703517,0.690151852
300,0.2306417,0.885053113,0.719783635,0.852011035,0.707322264
301,0.24879606,0.877102192,0.717589041,0.851482765,0.703353554
302,0.22697729,0.880893869,0.714753677,0.852839324,0.714651793
303,0.23523232,0.879997467,0.720800575,0.854780654,0.716189513
304,0.21419182,0.883369123,0.719885085,0.856434948,0.695453448
305,0.23318468,0.88026311,0.719657101,0.854766375,0.688468446
306,0.23459594,0.877938176,0.726000882,0.853919502,0.694822955
307,0.22177671,0.881706191,0.729134878,0.854739561,0.702661424
308,0.21963924,0.877119499,0.72390861,0.853125761,0.7036685
309,0.2270318,0.881558322,0.713559917,0.854353877,0.721307781
310,0.2277054,0.879897994,0.722654829,0.85518922,0.694437301
311,0.24220738,0.874930564,0.695365013,0.848967937,0.688411538
312,0.26020747,0.876592041,0.722700391,0.852416953,0.703216345
313,0.23298927,0.880897851,0.723310405,0.853076146,0.700116314
314,0.22006316,0.886748436,0.73180755,0.856357654,0.708721969
315,0.24468648,0.879210262,0.712958151,0.853136266,0.706066909
316,0.22507602,0.875281131,0.696714738,0.853132208,0.698655725
317,0.23337354,0.881371246,0.722391424,0.8547772,0.700010829
318,0.22487238,0.880951225,0.719464317,0.855818776,0.70770136
319,0.2227434,0.883355875,0.71092792,0.856573699,0.720350407
320,0.21759711,0.878596809,0.708413757,0.856562831,0.716035392
321,0.22083986,0.882871376,0.703768296,0.856689937,0.719241878
322,0.21616673,0.880978639,0.726538981,0.856731589,0.690724307
323,0.22494152,0.883869855,0.729389558,0.854392483,0.702792145
324,0.21874195,0.88480355,0.7310093,0.85510711,0.719702322
325,0.22211339,0.883409708,0.731430271,0.856035515,0.709806237
326,0.22393207,0.880301398,0.722458291,0.855657706,0.708423742
327,0.22849502,0.881342224,0.706971349,0.854192691,0.70068199
328,0.22063337,0.878989033,0.718369235,0.858058351,0.699286149
329,0.223489,0.879343122,0.726298374,0.854429895,0.705757057
330,0.21950597,0.882223081,0.693944342,0.854577498,0.698875688
331,0.22198199,0.880134232,0.723832476,0.854519646,0.70124551
332,0.2208146,0.880486407,0.718088888,0.855765633,0.706304613
333,0.21928374,0.883421501,0.724628976,0.857326546,0.715687472
334,0.227188,0.880819437,0.71571446,0.857075477,0.705190449
335,0.21398234,0.887571402,0.726975959,0.857580969,0.69649889
336,0.22239766,0.88247027,0.725908633,0.855822715,0.68537035
337,0.22891027,0.878095311,0.710376229,0.855642816,0.702418273
338,0.23182288,0.874072986,0.709820764,0.856780912,0.698065191
339,0.21902762,0.876655293,0.713659898,0.855845245,0.695557954
340,0.226281,0.87555872,0.717413468,0.852744097,0.698875688
341,0.23938826,0.875483675,0.711393391,0.853665015,0.697139716
342,0.22191823,0.882627557,0.726079325,0.855849061,0.702661424
343,0.22468457,0.880818365,0.712286219,0.857083527,0.705190449
344,0.21796346,0.88018707,0.723623734,0.857886631,0.712623869
345,0.21956512,0.883132655,0.717535883,0.85666732,0.706895246
346,0.21560767,0.881042198,0.72502011,0.855139322,0.711380546
347,0.21941863,0.881739272,0.718314677,0.855368425,0.70537568
348,0.21981414,0.880229646,0.732001232,0.856736055,0.701130742
349,0.22031459,0.874938528,0.713452549,0.855400953,0.711226022
350,0.22009818,0.88197237,0.727909046,0.857576641,0.71485712
351,0.2270639,0.881268481,0.731097826,0.855272242,0.71861584
352,0.21442088,0.885150594,0.735142828,0.857453842,0.710757423
353,0.21646787,0.880347114,0.729612392,0.859271725,0.70931225
354,0.21138412,0.880812392,0.728492922,0.858981148,0.715302496
355,0.22749262,0.87819172,0.72458878,0.860021441,0.702785113
356,0.22827938,0.872654639,0.722663915,0.855501914,0.713176118
357,0.223663,0.876105475,0.728625142,0.856789864,0.720942246
358,0.21578589,0.886988809,0.731611774,0.858562059,0.716430419
359,0.2190821,0.881595232,0.729425439,0.858587949,0.718335162
360,0.21995954,0.883380992,0.730195277,0.858478458,0.70537568
361,0.2162156,0.88309988,0.731968145,0.856720894,0.706512647
362,0.23035672,0.867088842,0.71446583,0.858104868,0.698065191
363,0.2160068,0.882117559,0.735117876,0.858575068,0.709963518
364,0.2100654,0.884277854,0.723181356,0.859652366,0.721085206
365,0.22465529,0.872874796,0.692479599,0.857082076,0.699286512
366,0.21381173,0.884682253,0.726215357,0.859160456,0.700821717
367,0.22101049,0.881644164,0.717916935,0.855803906,0.707920535
368,0.22540268,0.874249188,0.720943375,0.856203021,0.710052586
369,0.21974209,0.879399253,0.719382134,0.857863569,0.702582098
370,0.21625033,0.880717591,0.733438601,0.857609035,0.698036758
371,0.22347108,0.884638911,0.725521248,0.854871078,0.705612516
372,0.22532357,0.878505454,0.723316178,0.85691623,0.695290645
373,0.2089914,0.882353414,0.723498,0.862386863,0.723388569
374,0.21013625,0.883624964,0.724642077,0.860342455,0.71275673
375,0.22034876,0.880339533,0.714190855,0.857966754,0.707624115
376,0.2097569,0.887040192,0.726911124,0.860217457,0.701474059
377,0.21310996,0.881625709,0.733033646,0.860314099,0.71680452
378,0.20891693,0.883860283,0.739739684,0.861039803,0.693817154
379,0.2134946,0.879340825,0.729384189,0.85958376,0.704075001
380,0.21642576,0.87873434,0.714002577,0.858669224,0.7115147
381,0.21232896,0.889718678,0.722820475,0.857882275,0.712218955
382,0.21354137,0.887935905,0.726976095,0.861232844,0.717882221
383,0.21945007,0.878907556,0.735730676,0.858086123,0.708420446
384,0.22047095,0.882091676,0.723097655,0.857135296,0.703731787
385,0.22271338,0.876389879,0.716605168,0.856248754,0.695844341
386,0.22894107,0.877694357,0.709561955,0.858304978,0.705868383
387,0.21111712,0.883952787,0.716492103,0.858926474,0.69075431
388,0.22817208,0.875412612,0.71708018,0.852342311,0.696983482
389,0.21652266,0.885020568,0.732833831,0.857076237,0.700891622
390,0.2081631,0.88792618,0.728579977,0.862906172,0.692371581
391,0.21704163,0.880271763,0.720626515,0.858963753,0.686951876
392,0.22211269,0.879885665,0.727503864,0.856551205,0.694822955
393,0.21981949,0.88404912,0.723524165,0.860207759,0.695844341
394,0.22128901,0.878727908,0.709654121,0.851670232,0.69649889
395,0.21843842,0.884935951,0.736151253,0.858814141,0.711226022
396,0.22565733,0.872255753,0.695744737,0.852320539,0.703465808
397,0.20991647,0.884195305,0.731934015,0.86093643,0.710926246
398,0.21075425,0.879820805,0.731350771,0.860640593,0.71947721
399,0.20962879,0.88473846,0.737889084,0.860052127,0.708524227
400,0.21201366,0.881254314,0.735244929,0.861214704,0.703737076
401,0.21534476,0.884225016,0.729591811,0.859463389,0.715082213
402,0.21698703,0.878029302,0.727168184,0.86029827,0.710084782
403,0.20847997,0.880530208,0.732554193,0.860883833,0.714988135
404,0.21478425,0.88224146,0.724723759,0.860714105,0.710701741
405,0.21557447,0.876038777,0.727957722,0.861087528,0.717251167
406,0.20723699,0.886683652,0.743414688,0.862476515,0.719204928
407,0.21120171,0.881802065,0.731186957,0.861127159,0.699827233
408,0.20738932,0.884378935,0.738381202,0.862287214,0.716530451
409,0.20657006,0.877935496,0.733313343,0.863128721,0.717236169
410,0.20691437,0.885139184,0.740171254,0.861955397,0.706772247
411,0.20907182,0.886357667,0.726501798,0.863033922,0.712571205
412,0.2193244,0.875136095,0.717013749,0.859508395,0.718527216
413,0.21125235,0.879562743,0.713397341,0.862550384,0.698374013
414,0.21786804,0.883263294,0.729702386,0.861902291,0.713588899
415,0.21615879,0.874818916,0.708616153,0.858060781,0.712843461
416,0.21623228,0.881784911,0.72248436,0.859549155,0.72668904
417,0.21403053,0.884718397,0.71731069,0.860346643,0.713588899
418,0.22453901,0.882474175,0.715916358,0.860607599,0.713365531
419,0.21260832,0.878135513,0.723274819,0.862379768,0.718335162
420,0.22043143,0.884036945,0.729502684,0.859959401,0.712081206
421,0.21389328,0.880798532,0.726283487,0.864183943,0.712081206
422,0.2159361,0.880848153,0.721159336,0.862614282,0.709005681
423,0.21109816,0.884071481,0.739966613,0.861076933,0.711108718
424,0.21155334,0.888599056,0.727648591,0.860775569,0.699417711
425,0.20791703,0.890139695,0.735530312,0.861337094,0.723592982
426,0.20922652,0.882812336,0.734620243,0.8625435,0.723844919
427,0.2225069,0.880285164,0.735377249,0.858815717,0.728125561
428,0.21596451,0.886515491,0.723486704,0.858155805,0.727054932
429,0.21195047,0.880379353,0.720490262,0.859553842,0.713266063
430,0.22295034,0.877758834,0.716989924,0.86090528,0.719869013
431,0.20813675,0.8820661,0.733017494,0.861914996,0.722600123
432,0.22004145,0.881559624,0.724372302,0.859525271,0.715156731
433,0.2138141,0.885254585,0.727639512,0.860024741,0.713266063
434,0.21688074,0.881246963,0.718011109,0.859589457,0.713452769
435,0.21620826,0.88334056,0.737058851,0.859430883,0.710701741
436,0.21832797,0.876330533,0.71901011,0.859314019,0.694822955
437,0.21239801,0.87968718,0.724938322,0.860234704,0.711108718
438,0.22073895,0.872187294,0.706481362,0.858094099,0.697558458
439,0.21665551,0.880879856,0.716997967,0.859955698,0.699779106
440,0.21578966,0.880778699,0.718001401,0.860326056,0.708160072
441,0.21232124,0.888448354,0.729339875,0.860055239,0.709825988
442,0.21331143,0.882708269,0.721254441,0.861438304,0.706304613
443,0.22022459,0.88326919,0.734812486,0.859081229,0.716874217
444,0.2144988,0.885035577,0.734656222,0.861458711,0.720942246
445,0.21748315,0.880572325,0.718140574,0.859581381,0.70933157
446,0.22055812,0.889167176,0.731533976,0.856469256,0.715852036
447,0.21699136,0.879302843,0.72710813,0.856245495,0.712623869
448,0.22767848,0.877222111,0.722013506,0.857904547,0.710433634
449,0.2134795,0.89012729,0.730659926,0.859545477,0.717074138
450,0.21032427,0.88497868,0.729530124,0.861014266,0.712411141
451,0.21075615,0.885282459,0.727023139,0.861495926,0.722181762
452,0.2220428,0.878649264,0.711817629,0.859741455,0.70537568
453,0.2194782,0.880268624,0.718074225,0.861901318,0.717183423
454,0.21905988,0.883674968,0.721417315,0.859954164,0.715880686
455,0.2100812,0.886261334,0.741607843,0.863657786,0.718458714
456,0.21606201,0.881746547,0.735646616,0.862749076,0.716189513
457,0.207011,0.887919824,0.742346539,0.861655479,0.706260666
458,0.21820636,0.883785162,0.722186426,0.862087788,0.705190449
459,0.2120013,0.885037414,0.737485536,0.861313562,0.696511825
460,0.20671844,0.880176962,0.722864055,0.863259932,0.702453849
461,0.21279664,0.88561771,0.73446954,0.860117171,0.712266574
462,0.21385337,0.882484896,0.721281295,0.860511786,0.7115147
463,0.20755067,0.888557858,0.739752981,0.864133111,0.707934045
464,0.21609007,0.886113388,0.728341895,0.861187841,0.702792145
465,0.21264161,0.880002061,0.727124676,0.860128519,0.707322264
466,0.22018576,0.881101774,0.717201354,0.859808459,0.695046303
467,0.22518891,0.884535303,0.734298988,0.860671606,0.719869013
468,0.20880498,0.888174287,0.741992352,0.862242125,0.723440496
469,0.2196783,0.881738506,0.715911721,0.858914714,0.716874217
470,0.21622492,0.883526946,0.724621687,0.860698023,0.709095853
471,0.21477109,0.881638115,0.720898528,0.862708405,0.725703646
472,0.21002209,0.882474634,0.7255634,0.861199767,0.691025603
473,0.22308841,0.879644144,0.706206524,0.861637857,0.695085449
474,0.21436614,0.878837182,0.731436222,0.860715488,0.717416885
475,0.21947525,0.882326689,0.720218797,0.858977672,0.712319888
476,0.209473,0.882104465,0.723677183,0.86162072,0.730048112
477,0.22399552,0.878079306,0.716027923,0.861769006,0.708771387
478,0.21120016,0.883906688,0.730168366,0.861332094,0.717416885
479,0.21490996,0.88425534,0.731793193,0.859545568,0.72311112
480,0.21736318,0.878682345,0.725493697,0.858128422,0.71485712
481,0.2200365,0.885254049,0.73044303,0.860282327,0.725723747
482,0.20819367,0.881271314,0.736837992,0.861508796,0.718193851
483,0.21105815,0.885896907,0.742451449,0.862028637,0.717998624
484,0.2196887,0.883325474,0.730260057,0.861207588,0.712081206
485,0.20730373,0.886879305,0.731094282,0.864407764,0.718618215
486,0.20940624,0.887804653,0.737434748,0.863488351,0.709519786
487,0.20539582,0.88578434,0.742787126,0.863866649,0.720711521
488,0.21509661,0.880952221,0.72251297,0.859747213,0.707322264
489,0.2241995,0.88217928,0.733289428,0.860194539,0.709081954
490,0.20700331,0.887450335,0.745005692,0.863632889,0.70657332
491,0.20996182,0.887501181,0.73574508,0.862876621,0.732730757
492,0.2024249,0.888882618,0.738091088,0.864704791,0.713990681
493,0.21142052,0.881540556,0.723111869,0.860678636,0.721221684
494,0.20894471,0.885164301,0.738395886,0.863800918,0.718193851
495,0.20681001,0.887096169,0.740451265,0.862834308,0.72363346
496,0.20552017,0.886395419,0.73151203,0.862755633,0.71233052
497,0.20519403,0.882841512,0.735350745,0.864344291,0.722466065
498,0.20521623,0.884383759,0.744770572,0.863638333,0.72897905
499,0.21225868,0.876141389,0.718149908,0.861481868,0.716702503
500,0.20626803,0.887132007,0.729372549,0.86246201,0.71926577
501,0.21657944,0.87935591,0.715758186,0.86185716,0.714509977
502,0.211208,0.881653277,0.71532841,0.860707592,0.719998196
503,0.21143577,0.883770842,0.734862595,0.862599188,0.722752056
504,0.21092883,0.880125196,0.734415359,0.859642618,0.712171336
505,0.20815268,0.889164572,0.731929017,0.862677245,0.724797403
506,0.20995343,0.885983438,0.740684807,0.861417201,0.713595067
507,0.21281558,0.885683795,0.724326912,0.861158179,0.704203486
508,0.2045991,0.885169432,0.741195487,0.864272621,0.722016497
509,0.21562105,0.881136769,0.72202615,0.866235972,0.720837608
510,0.20811948,0.884866726,0.743727288,0.865090615,0.725497925
511,0.2127852,0.88294757,0.736183423,0.862119058,0.720367977
512,0.2073929,0.884483155,0.732470872,0.864201801,0.715413095
513,0.20908841,0.884188489,0.723808415,0.863575595,0.705757057
514,0.2063004,0.883483987,0.724627745,0.863514187,0.709825988
515,0.20632418,0.88677631,0.726276264,0.864636708,0.728235974
516,0.20918919,0.882000397,0.727267817,0.864431932,0.712319888
517,0.21901812,0.877777443,0.713410631,0.862822798,0.722168322
518,0.20976438,0.882995047,0.734387661,0.86313144,0.724479699
519,0.21461506,0.884803703,0.72502131,0.861327879,0.711189814
520,0.2089354,0.885697885,0.738013669,0.862397822,0.715413095
521,0.20627017,0.88922859,0.744999919,0.863740929,0.723488713
522,0.21016042,0.886539612,0.7301066,0.862815275,0.704203486
523,0.21040227,0.8831652,0.72013026,0.863006348,0.723308784
524,0.21075091,0.881319634,0.725811411,0.864211754,0.714822196
525,0.21702006,0.877414547,0.72241919,0.860254422,0.712081206
526,0.20200734,0.887880387,0.73702535,0.866793335,0.708423742
527,0.20258981,0.888829934,0.736274325,0.865926245,0.710797799
528,0.20698602,0.883963355,0.731125328,0.865083239,0.714019552
529,0.20261486,0.888917843,0.748025231,0.866931196,0.726213669
530,0.201226,0.888550277,0.743935603,0.865813486,0.714990769
531,0.20388365,0.887249015,0.744660165,0.864105023,0.727697693
532,0.20869762,0.889701143,0.738962531,0.865948908,0.727867298
533,0.2092961,0.882098645,0.732139989,0.864413577,0.711361217
534,0.20920031,0.88387667,0.739781988,0.863762252,0.73082947
535,0.2049353,0.888079715,0.749128616,0.866515837,0.734005883
536,0.20684184,0.887271529,0.734515058,0.863316442,0.72522179
537,0.2099798,0.885306887,0.716100319,0.865079426,0.709005681
538,0.21087122,0.88425825,0.735128026,0.865570521,0.716702503
539,0.20699435,0.88719097,0.734511461,0.864008029,0.718193851
540,0.20334773,0.885335909,0.740540406,0.866203851,0.717830024
541,0.21042885,0.8852019,0.729023648,0.861176469,0.720966319
542,0.20123965,0.894267925,0.739558435,0.865843645,0.722029897
543,0.21160813,0.885497485,0.722195609,0.865225813,0.727358074
544,0.21003349,0.882493089,0.745110023,0.863712661,0.724293558
545,0.2114612,0.88160848,0.734052766,0.862353143,0.719209863
546,0.20681752,0.889131415,0.735642284,0.865742002,0.7213428
547,0.20093204,0.891054093,0.741158994,0.866384993,0.727597323
548,0.20163745,0.889967858,0.744070836,0.866310123,0.746789409
549,0.21421841,0.887023651,0.726947212,0.863534278,0.706769012
550,0.2075575,0.883284582,0.741956488,0.865253506,0.730825274
551,0.21049376,0.886388987,0.726989414,0.865910234,0.719241878
552,0.20731886,0.883627721,0.733626459,0.865743336,0.7213428
553,0.20999093,0.883724054,0.732232459,0.862583014,0.721548957
554,0.20544153,0.887181781,0.750482083,0.866321267,0.732194339
555,0.21311201,0.882471495,0.725274721,0.861750303,0.707161463
556,0.21422507,0.881778709,0.728462935,0.861246453,0.716874217
557,0.20847449,0.886842395,0.739245267,0.864122126,0.717236169
558,0.21465607,0.884995833,0.724300696,0.864829146,0.716520514
559,0.21412893,0.882668449,0.732221931,0.86354924,0.722294244
560,0.20623618,0.886794765,0.741702502,0.863816246,0.726723519
561,0.20307304,0.890277456,0.742266251,0.865755511,0.733689274
562,0.20603122,0.885851497,0.745058632,0.86582856,0.724125979
563,0.20804833,0.887770117,0.741986971,0.864052567,0.72522179
564,0.20615822,0.885927385,0.737488558,0.863471704,0.723488713
565,0.20751943,0.880074426,0.744854403,0.863682675,0.729462723
566,0.20632185,0.880683667,0.732717217,0.86416148,0.731694428
567,0.20906228,0.887635343,0.736387973,0.862960038,0.718618215
568,0.21123332,0.883502136,0.72844616,0.863212503,0.716189513
569,0.21488713,0.884590745,0.737802899,0.863173608,0.719702884
570,0.20655735,0.886115073,0.740510219,0.865548617,0.725662891
571,0.2060055,0.885860687,0.736251396,0.865144154,0.732650627
572,0.20883603,0.884259629,0.739745244,0.863353917,0.718458714
573,0.20649073,0.883338033,0.739765669,0.862418988,0.719227558
574,0.21041569,0.887735581,0.742962732,0.864760002,0.715880686
575,0.21318954,0.877466772,0.728695428,0.864399007,0.724787932
576,0.20769094,0.889038834,0.733362791,0.865316712,0.706304613
577,0.20069973,0.887885365,0.743009308,0.865886709,0.738589727
578,0.21170467,0.889843728,0.735245328,0.863542009,0.718917911
579,0.21343502,0.887981085,0.724052332,0.863964089,0.728029586
580,0.20801237,0.888553646,0.743445683,0.863839135,0.724125979
581,0.20720956,0.884969032,0.744648981,0.865221451,0.723976561
582,0.2056175,0.886407365,0.7398887,0.863031354,0.726172616
583,0.21776243,0.885859844,0.717444977,0.863165943,0.71583761
584,0.2128353,0.886418545,0.734654532,0.861720901,0.727054932
585,0.20967406,0.890674198,0.736618112,0.864453461,0.73057333
586,0.20963296,0.88347855,0.731230882,0.863406445,0.721638157
587,0.20321004,0.890276307,0.747376923,0.865344541,0.73096637
588,0.20672143,0.886565495,0.741136627,0.866025915,0.729934568
589,0.20767325,0.886539,0.74474952,0.865364375,0.72721098
590,0.20275503,0.887948923,0.743870692,0.864650091,0.710770221
591,0.20375094,0.890314519,0.743004246,0.865158539,0.720596583
592,0.20907952,0.884275021,0.737233963,0.863473542,0.717074138
593,0.21026282,0.886760765,0.737445227,0.865446775,0.724992361
594,0.20413639,0.891342709,0.746560446,0.865646856,0.728573725
595,0.21288906,0.88614915,0.728958614,0.86277122,0.722703265
596,0.20982817,0.884418218,0.742038741,0.86274694,0.724684812
597,0.21264043,0.886194253,0.736212838,0.86285916,0.731097461
598,0.20758674,0.887063854,0.740856714,0.863841743,0.732838862
599,0.20858648,0.887706789,0.738515658,0.863505807,0.725109862
600,0.21478881,0.884348074,0.71890297,0.862839101,0.719002171
601,0.20669238,0.889348815,0.7385038,0.863067133,0.731825119
602,0.20506972,0.886851201,0.739171122,0.864579578,0.731293528
603,0.21021628,0.885886876,0.737146228,0.863936904,0.737362414
604,0.21024199,0.889241072,0.731636455,0.863634308,0.732040129
605,0.20697255,0.887589091,0.742718095,0.864586095,0.736167828
606,0.20542547,0.888766299,0.746099487,0.864035253,0.726257949
607,0.20699622,0.887710081,0.726146744,0.865332374,0.726048596
608,0.20877035,0.888292215,0.729204165,0.863499826,0.7213428
609,0.20390227,0.887389227,0.747615197,0.866274252,0.72809408
610,0.20934542,0.884469371,0.732283578,0.863998632,0.728125561
611,0.20885907,0.889127969,0.741433431,0.863609919,0.712623869
612,0.2043712,0.889691724,0.751068917,0.86703301,0.729602118
613,0.20804429,0.882821296,0.741466139,0.864810283,0.726048596
614,0.20702316,0.891710199,0.730577971,0.864247506,0.726723519
615,0.20782802,0.886246325,0.741417639,0.864263058,0.72877037
616,0.20420285,0.89021206,0.747254222,0.864508063,0.723390738
617,0.20514978,0.886301,0.744521322,0.865187296,0.718087719
618,0.20719863,0.885591444,0.731642903,0.863837052,0.725846312
619,0.20872477,0.887387618,0.743132675,0.864762879,0.726048596
620,0.20828706,0.888635123,0.743081368,0.863105399,0.71787012
621,0.21501875,0.886844233,0.72607163,0.863839515,0.729368268
622,0.20458953,0.887103061,0.744658807,0.865244588,0.727969666
623,0.20939489,0.889188081,0.735549918,0.863559096,0.718796295
624,0.21257533,0.886354298,0.731233969,0.863589337,0.710935485
625,0.2020778,0.888896555,0.744041394,0.865059957,0.727558668
626,0.20828392,0.88643968,0.732752461,0.861265317,0.722167382
627,0.21229397,0.882767462,0.729150137,0.861944082,0.721638157
628,0.20615923,0.888048625,0.743848161,0.864048501,0.72877037
629,0.20481949,0.879184073,0.742025981,0.864029803,0.720623042
630,0.21201192,0.881001689,0.736106118,0.862340059,0.724350437
631,0.20710751,0.887799829,0.732444573,0.862983664,0.722466065
632,0.20791793,0.888893722,0.74174448,0.863499219,0.71958111
633,0.20922555,0.886194712,0.74032946,0.866108687,0.716460184
634,0.21278147,0.878905335,0.722358126,0.863101747,0.713452769
635,0.20548174,0.892843912,0.746634175,0.865044375,0.722466065
636,0.20838027,0.885065518,0.743671172,0.862709932,0.724125979
637,0.2065493,0.887622555,0.740138266,0.864861809,0.723976561
638,0.21657406,0.879988584,0.730552703,0.862399246,0.722109443
639,0.2077589,0.891687686,0.739162682,0.86296581,0.723488713
640,0.20615546,0.892982362,0.732353058,0.864670885,0.722600123
641,0.20782743,0.887111867,0.740176514,0.862056043,0.730397244
642,0.20595989,0.891314912,0.740234707,0.86533223,0.710926246
643,0.20964344,0.89317832,0.733822019,0.864989042,0.725153662
644,0.21096991,0.884905473,0.720993487,0.863158167,0.707920535
645,0.20265238,0.891273025,0.74547786,0.864606754,0.724874315
646,0.20574023,0.883722063,0.735811694,0.864525361,0.718618215
647,0.21650542,0.889186856,0.7156974,0.863356211,0.722168322
648,0.2016755,0.890863877,0.744670504,0.866330673,0.722250059
649,0.20468256,0.892534467,0.743656427,0.864506268,0.731825119
650,0.20021118,0.889534436,0.746715532,0.866381809,0.722029897
651,0.21167602,0.883156853,0.726094342,0.863679032,0.714219557
652,0.20729554,0.889792345,0.745693521,0.863782017,0.73096637
653,0.21144143,0.880235849,0.72281465,0.866447208,0.724002271
654,0.20121539,0.886753567,0.752086473,0.867657163,0.719390255
655,0.20363165,0.890184722,0.736767288,0.865266772,0.731976745
656,0.20347798,0.88707534,0.73779597,0.864864867,0.716530451
657,0.20187053,0.889819453,0.733070532,0.866069415,0.722101121
658,0.2064286,0.886964994,0.74503719,0.86533307,0.724125979
659,0.20150511,0.890221325,0.74575618,0.865858851,0.729019394
660,0.2012225,0.886978854,0.740520694,0.868112805,0.735359318
661,0.20214538,0.889243982,0.741003206,0.867066196,0.735123438
662,0.20287542,0.88975107,0.74099925,0.86711119,0.728986071
663,0.20146202,0.890945202,0.747185347,0.866792229,0.71831739
664,0.20431888,0.887774099,0.737700687,0.866822822,0.715302496
665,0.20273241,0.890978742,0.733958901,0.867809025,0.71415008
666,0.20556672,0.888148557,0.746437207,0.866549341,0.733045825
667,0.20154795,0.893086505,0.739651875,0.865470174,0.709365328
668,0.20938535,0.889200716,0.731840428,0.864807768,0.712571205
669,0.20708086,0.887232934,0.743355578,0.865491623,0.721740554
670,0.20423275,0.890490491,0.743982857,0.865638713,0.734806089
671,0.20260493,0.886457216,0.748037817,0.866844715,0.72363346
672,0.20138575,0.891292475,0.745384453,0.866943433,0.737361516
673,0.20075226,0.890151335,0.745313262,0.867331094,0.730607176
674,0.21410066,0.884666249,0.731665487,0.863268245,0.729368268
675,0.21100211,0.886463266,0.738044956,0.863642548,0.723793939
676,0.20588174,0.889865628,0.737779135,0.86455696,0.728395727
677,0.20750861,0.888887442,0.737925584,0.864517866,0.715687472
678,0.2067454,0.890379685,0.747014891,0.864589449,0.723730674
679,0.20268938,0.887178718,0.747958022,0.866487767,0.724874315
680,0.20394945,0.889595697,0.740774213,0.86460912,0.713732176
681,0.20915654,0.887719424,0.733697449,0.864679045,0.71415008
682,0.20407666,0.890377388,0.738729594,0.864556773,0.71947721
683,0.20231582,0.892298918,0.748989357,0.866668302,0.731120929
684,0.19980201,0.893044159,0.751583494,0.867511457,0.729147401
685,0.20353004,0.887104056,0.741280148,0.868403175,0.728986071
686,0.20652927,0.884945063,0.730370247,0.865367189,0.725153662
687,0.20131268,0.889177131,0.748210316,0.866275361,0.723401134
688,0.20023723,0.895039814,0.74178176,0.866782837,0.714988135
689,0.20356546,0.884971712,0.741011854,0.867221353,0.719446217
690,0.20164539,0.892376873,0.742013013,0.868021692,0.732172346
691,0.20094235,0.889727025,0.748501705,0.86651732,0.717998624
692,0.20486787,0.8909269,0.741229013,0.865200609,0.714651793
693,0.20425367,0.888046864,0.735506596,0.863597253,0.717802427
694,0.2073632,0.890463613,0.745943373,0.864795358,0.718087719
695,0.2061099,0.885455827,0.735211734,0.864751658,0.71831739
696,0.20522533,0.890842513,0.747543893,0.865925915,0.715209119
697,0.2107908,0.886491829,0.743182572,0.862300092,0.71958111
698,0.21027988,0.88485455,0.725116031,0.864115696,0.741336001
699,0.2037413,0.888436791,0.741782594,0.86498198,0.72809408
700,0.21157686,0.883358478,0.714881939,0.865084954,0.716189513
701,0.20282887,0.889732922,0.744815846,0.866362334,0.720779834
702,0.2098125,0.887388155,0.730687638,0.864303027,0.720367977
703,0.21428277,0.883381375,0.730440025,0.862858097,0.732730757
704,0.20720296,0.890803076,0.741340072,0.863215003,0.733147297
705,0.20434384,0.889297279,0.741235176,0.864221671,0.721993578
706,0.20512366,0.890106538,0.748341373,0.866044786,0.723730674
707,0.20384572,0.892153882,0.744762304,0.865527284,0.713595067
708,0.20979679,0.888655263,0.73571768,0.865961839,0.722703265
709,0.20217878,0.892995533,0.748185602,0.866627619,0.727597323
710,0.20159055,0.887947545,0.750429156,0.866847795,0.71500068
711,0.20233615,0.890363834,0.73777265,0.867384528,0.715302496
712,0.20053843,0.892829592,0.741563977,0.866319128,0.721954358
713,0.2142906,0.886537315,0.728089886,0.868437852,0.724340598
714,0.20331667,0.892147373,0.737838908,0.865111918,0.719227558
715,0.20607276,0.891353124,0.734661754,0.865636795,0.727410441
716,0.20437117,0.891600389,0.746575441,0.867910265,0.723976561
717,0.2007645,0.88937531,0.732565214,0.867354201,0.722752056
718,0.20265146,0.895108274,0.746642672,0.865894507,0.714988135
719,0.20359915,0.891383295,0.744431681,0.866764713,0.712411141
720,0.20771863,0.886915066,0.743549562,0.866818899,0.722656002
721,0.20608918,0.890316893,0.738839478,0.867544418,0.717616705
722,0.1996265,0.889728404,0.74929607,0.867622532,0.724936473
723,0.20810065,0.89302601,0.750447982,0.866548021,0.719446217
724,0.20193851,0.889192216,0.746911407,0.866028219,0.730709859
725,0.20526023,0.892485305,0.744414217,0.866341607,0.718796295
726,0.20439665,0.889541021,0.740757328,0.865126105,0.720779834
727,0.20111315,0.89119239,0.74790575,0.866620436,0.720779834
728,0.20174153,0.893043546,0.750338817,0.866450326,0.72522179
729,0.20390978,0.889623571,0.746025651,0.865306403,0.706511702
730,0.20785324,0.889339396,0.731845752,0.867034478,0.711465212
731,0.1999273,0.887122128,0.745142766,0.868108986,0.717998624
732,0.2101557,0.889324846,0.733314947,0.864470189,0.715082213
733,0.19804594,0.89894559,0.738273409,0.867880768,0.73335721
734,0.20312549,0.893063456,0.74567129,0.865727714,0.727771824
735,0.20348097,0.893394036,0.739158487,0.866753936,0.72877037
736,0.20668156,0.886822792,0.735161016,0.864661049,0.718335162
737,0.20240198,0.892463787,0.742694845,0.8670345,0.721548957
738,0.19803203,0.896090748,0.754888887,0.870225198,0.735889946
739,0.20662981,0.883796189,0.728439455,0.867447641,0.713137147
740,0.20088111,0.889729323,0.733298746,0.867107771,0.715413095
741,0.19949904,0.895025265,0.744219678,0.867659105,0.717830024
742,0.20093003,0.891224322,0.743473938,0.867848673,0.721221684
743,0.1982415,0.894036205,0.754286396,0.868780467,0.727862367
744,0.20515454,0.891788613,0.740633865,0.866122486,0.711189814
745,0.20339711,0.889769525,0.733813371,0.866082819,0.730128402
746,0.20331536,0.886409969,0.745121171,0.865935954,0.724936473
747,0.20035343,0.895027486,0.751418281,0.868397358,0.723976561
748,0.20449424,0.891412623,0.736802732,0.867301588,0.726048596
749,0.20073016,0.887620334,0.743909278,0.867263985,0.724874315
750,0.20557903,0.891441952,0.742833317,0.866455959,0.716237963
751,0.20616424,0.889465594,0.745595295,0.868094445,0.718993368
752,0.20480058,0.891082273,0.736120674,0.867870948,0.723793939
753,0.20098528,0.89246639,0.742733308,0.865967035,0.733262774
754,0.20292397,0.89045519,0.749096464,0.869536662,0.728404315
755,0.19895612,0.894624311,0.743506223,0.868518888,0.722016497
756,0.19855095,0.893008398,0.747703373,0.871616449,0.72522179
757,0.20091094,0.889514909,0.746140279,0.867453436,0.72809408
758,0.20129173,0.893075555,0.744107708,0.868156355,0.729462723
759,0.20320304,0.894186065,0.73832797,0.866631341,0.716035392
760,0.20295955,0.889188081,0.736029661,0.865567978,0.734710309
761,0.20620584,0.89175201,0.744828287,0.867105911,0.726772878
762,0.20340809,0.891620069,0.746629453,0.869032353,0.719209863
763,0.20409508,0.889583981,0.73575791,0.867279904,0.723319069
764,0.20427139,0.890226073,0.743220177,0.868392655,0.729221254
765,0.20024925,0.892340805,0.751552056,0.869304677,0.724125979
766,0.20003742,0.888850456,0.752817472,0.86928709,0.722250059
767,0.20563638,0.888225976,0.738803087,0.867087054,0.719209863
768,0.20512696,0.891647713,0.744857706,0.868613336,0.724909321
769,0.19914494,0.892908083,0.749672018,0.867678317,0.727597323
770,0.19897668,0.893889332,0.740500602,0.868937911,0.733557351
771,0.19924416,0.890260839,0.747425394,0.868130343,0.723488713
772,0.19880155,0.895836438,0.746930423,0.87052051,0.733045825
773,0.19843733,0.889999714,0.751245063,0.867646199,0.726487086
774,0.20300393,0.890800089,0.739831606,0.867480376,0.71415008
775,0.20402293,0.891066728,0.747464835,0.86654006,0.719702322
776,0.19985765,0.896119234,0.750064995,0.867988602,0.730709859
777,0.1989238,0.894330182,0.755170859,0.869094031,0.722004482
778,0.20498173,0.887795617,0.740456868,0.868263163,0.72601023
779,0.20048583,0.890853387,0.743615147,0.866580794,0.726213669
780,0.19827477,0.89280861,0.754190482,0.869643779,0.733442527
781,0.198726102,0.898497159,0.749921981,0.869026801,0.732077124
782,0.19940008,0.889613845,0.745205452,0.86921533,0.725497925
783,0.19905731,0.898215741,0.75405177,0.868447418,0.71502872
784,0.19882345,0.900115523,0.751651172,0.868035022,0.716530451
785,0.20342097,0.895484263,0.747391947,0.869900472,0.730365712
786,0.1981898,0.892419832,0.747130972,0.868736306,0.727639635
787,0.198582838,0.897266577,0.755174996,0.870039951,0.726257949
788,0.20264243,0.888014319,0.732667599,0.868358257,0.719209863
789,0.20210387,0.89188709,0.735837094,0.868007582,0.729751818
790,0.200359,0.895002675,0.750370978,0.867654998,0.726723519
791,0.19805978,0.894904121,0.746658523,0.869904028,0.733045825
792,0.20213571,0.893363405,0.739070871,0.866791092,0.718458714
793,0.20173231,0.889207225,0.750770545,0.867418732,0.724125979
794,0.20203963,0.889290464,0.747717595,0.867060633,0.71831739
795,0.19802463,0.892849272,0.751489136,0.868796052,0.71926577
796,0.20283575,0.889153928,0.742398621,0.867311683,0.723319069
797,0.20648731,0.886186825,0.742253055,0.867854735,0.728704028
798,0.20014587,0.889010654,0.742364411,0.869656682,0.713702122
799,0.19896705,0.89464537,0.753195237,0.868751894,0.739252335
800,0.20162526,0.89570465,0.73852769,0.868796555,0.723319069
801,0.2008413,0.893198613,0.753082177,0.868912823,0.732650627
802,0.20259269,0.890148501,0.735234101,0.869665827,0.732172346
803,0.19902802,0.893710296,0.750417147,0.868489306,0.722752056
804,0.20132363,0.89207118,0.743220365,0.868810156,0.723546529
805,0.20490594,0.890134641,0.739510456,0.868015036,0.726338526
806,0.19886528,0.889373319,0.747471289,0.869471169,0.738433337
807,0.19858721,0.890379149,0.752576571,0.869715511,0.732480718
808,0.20311293,0.886823787,0.73867198,0.869103753,0.732441265
809,0.20141038,0.894662293,0.75540293,0.86925474,0.72809408
810,0.19879503,0.894642536,0.747662422,0.87002028,0.731892856
811,0.20088458,0.89412488,0.750212028,0.870136867,0.730825274
812,0.20163257,0.889795025,0.749817128,0.867524621,0.73383866
813,0.20116343,0.890147736,0.746391476,0.867398187,0.738880669
814,0.19926907,0.88831871,0.750074282,0.869262885,0.728235974
815,0.19802244,0.893574373,0.753793608,0.869164218,0.72522179
816,0.20309374,0.892434611,0.732897015,0.867600052,0.717249299
817,0.20111813,0.892924317,0.746389177,0.86765039,0.727030273
818,0.20004466,0.89310496,0.74970027,0.867786977,0.729340713
819,0.20220111,0.889502504,0.738063038,0.868247848,0.728986071
820,0.20599222,0.893412414,0.736924631,0.869846759,0.729368268
821,0.19907396,0.894233695,0.750441195,0.867310605,0.724923591
822,0.198678184,0.898123543,0.739497512,0.86907207,0.730501239
823,0.20260791,0.889499517,0.74758624,0.867580907,0.726772878
824,0.20177618,0.894680288,0.750765196,0.868031507,0.735743157
825,0.20268445,0.891340871,0.744967869,0.867440537,0.728235974
826,0.20881377,0.888808263,0.739901755,0.865780669,0.725703646
827,0.20146187,0.89141293,0.752509747,0.868626235,0.731923547
828,0.19951274,0.896922596,0.736132692,0.868085248,0.735859432
829,0.19950294,0.891622519,0.750652509,0.867847917,0.730451205
830,0.20072274,0.886636788,0.746436514,0.867373595,0.724781575
831,0.20308705,0.889637431,0.736213894,0.868068369,0.725346609
832,0.203391,0.891275705,0.749602317,0.866887206,0.727771824
833,0.198645847,0.896777331,0.750617657,0.869456899,0.733262774
834,0.20002244,0.896076122,0.745466042,0.86734186,0.727697693
835,0.19876708,0.894710153,0.75137963,0.868473009,0.73096637
836,0.2048968,0.892393336,0.747069175,0.867205257,0.726772878
837,0.1984279,0.890625112,0.747894357,0.867784877,0.725014874
838,0.20474315,0.889077658,0.740663277,0.86639217,0.727682792
839,0.2080398,0.892419602,0.738588339,0.865860197,0.710701741
840,0.20207612,0.892637768,0.752212925,0.868446716,0.730128402
841,0.19936879,0.892966281,0.746863153,0.868043631,0.70940055
842,0.20378956,0.892547408,0.741546474,0.865964369,0.724479699
843,0.198773409,0.897892589,0.750065761,0.868385205,0.719204928
844,0.19856885,0.898119638,0.748788092,0.870111274,0.737759925
845,0.20995565,0.889141446,0.73652729,0.867816732,0.731431261
846,0.198594629,0.893902809,0.751390301,0.870235003,0.736404843
847,0.19781387,0.894751351,0.745000013,0.871916539,0.738688637
848,0.19827169,0.893942093,0.753380248,0.870604445,0.726723519
849,0.198698426,0.89363931,0.747778653,0.870659625,0.736202668
850,0.198496854,0.896100396,0.75177543,0.871255036,0.734918524
851,0.19792263,0.892887101,0.747999574,0.87015585,0.723319069
852,0.20057794,0.892939785,0.742446898,0.869155267,0.72311112
853,0.198321416,0.899434836,0.755734673,0.871265589,0.722250059
854,0.19832736,0.895829469,0.755500411,0.870233831,0.718458714
855,0.19843672,0.893809999,0.747224837,0.869684729,0.721951345
856,0.20071639,0.888264877,0.748554803,0.868858075,0.731694428
857,0.198556025,0.893971039,0.756470165,0.87016676,0.720711521
858,0.198469129,0.896261283,0.75125957,0.870291155,0.728968113
859,0.19915016,0.892082896,0.751982895,0.86960528,0.732172346
860,0.1987238,0.897303257,0.754756638,0.868901109,0.731825119
861,0.20019858,0.896724034,0.74843206,0.86769679,0.71947721
862,0.20024326,0.893517936,0.753195991,0.868123074,0.718087719
863,0.19823603,0.895158814,0.748854231,0.867737519,0.724828066
864,0.20611736,0.886650954,0.739069633,0.866761335,0.726048596
865,0.20036922,0.896475314,0.747784815,0.868803234,0.723546529
866,0.19912623,0.894803806,0.744717819,0.867138443,0.719314665
867,0.1987347,0.892211391,0.746146503,0.868617922,0.726318057
868,0.19934487,0.893728292,0.740698994,0.869531983,0.723319069
869,0.198776602,0.894002205,0.753891257,0.869400324,0.731976745
870,0.20092939,0.89259948,0.7499269,0.86778168,0.729759272
871,0.20434788,0.893190879,0.746994322,0.867455256,0.716237963
872,0.20752528,0.883896197,0.731136439,0.866380802,0.730705109
873,0.2063477,0.890247132,0.742252973,0.866870535,0.725346609
874,0.198790602,0.888845402,0.7463448,0.867996865,0.728968113
875,0.198793054,0.900411337,0.744879487,0.868048684,0.727558668
876,0.19958296,0.893663738,0.738910005,0.869235422,0.727867298
877,0.19868264,0.89660335,0.752756238,0.868167383,0.729759272
878,0.20671557,0.891358484,0.735644324,0.867664916,0.719241878
879,0.19830309,0.894778842,0.741577295,0.8687945,0.718796295
880,0.20023535,0.895457385,0.738685942,0.86762534,0.730397244
881,0.20622106,0.890576869,0.738731404,0.866210147,0.720279041
882,0.20528021,0.891923464,0.733756639,0.867286586,0.737705171
883,0.20517632,0.897726495,0.738167977,0.865304956,0.734376381
884,0.2071193,0.889256693,0.740852292,0.867659052,0.728398974
885,0.20040251,0.888393678,0.746463436,0.867327269,0.742268685
886,0.20042045,0.89068691,0.740709507,0.867529119,0.73958324
887,0.19882649,0.8979563,0.735384185,0.867520628,0.731007522
888,0.19811548,0.894532649,0.753949982,0.868325332,0.729075403
889,0.20318206,0.894973116,0.742891472,0.867238534,0.724909321
890,0.20290688,0.895223674,0.745936939,0.868633889,0.728125561
891,0.20315531,0.895318093,0.739321369,0.868199504,0.721955136
892,0.20322381,0.892776907,0.737616075,0.867407223,0.728704028
893,0.198766295,0.892431471,0.7515028,0.869655577,0.73671095
894,0.19985043,0.886430797,0.744145044,0.868794427,0.735406177
895,0.20214169,0.893486234,0.747955358,0.868162053,0.733783251
896,0.20249005,0.889777566,0.746181863,0.867191422,0.73096637
897,0.19949605,0.894076101,0.746806673,0.868341503,0.741551746
898,0.20154288,0.887686343,0.74587035,0.86845226,0.733041292
899,0.20263124,0.890941066,0.739167923,0.870325279,0.733373349
900,0.20079426,0.894656167,0.744287182,0.869780724,0.739406106
901,0.20091167,0.892252436,0.745900808,0.867364053,0.72809408
902,0.19943325,0.892251364,0.744159752,0.869334755,0.734395394
903,0.2003562,0.89492449,0.748407453,0.868366947,0.737089131
904,0.20201455,0.891073007,0.752378691,0.869286316,0.726270162
905,0.198586612,0.897510779,0.731380207,0.869794794,0.727419262
906,0.19838265,0.892922326,0.7492242,0.870035006,0.738237918
907,0.20151415,0.892817186,0.751514551,0.867025029,0.722250059
908,0.20360357,0.889881173,0.739905437,0.867755914,0.724684812
909,0.20264822,0.892414548,0.754315499,0.8685776,0.742064152
910,0.20204903,0.893980151,0.747275448,0.866745521,0.732650627
911,0.19973122,0.895557317,0.751886472,0.8695037,0.725662891
912,0.20397517,0.890161519,0.748268245,0.866423915,0.73096637
913,0.20239443,0.889247045,0.741152917,0.868307611,0.724684812
914,0.2024478,0.889921223,0.740868054,0.867122743,0.727030273
915,0.20196004,0.894599424,0.737928772,0.866579332,0.733783251
916,0.20609167,0.891949117,0.747056992,0.86488222,0.72311112
917,0.20501387,0.892609665,0.743605759,0.86725704,0.733373349
918,0.198728811,0.898270187,0.739026411,0.868500401,0.744074932
919,0.19826621,0.894311803,0.752243654,0.868895397,0.734806089
920,0.20026778,0.891334975,0.74649117,0.867874248,0.727969666
921,0.20084517,0.889560702,0.744562402,0.868065942,0.714651793
922,0.20218527,0.890921693,0.740053501,0.870404905,0.718917911
923,0.2017227,0.89244939,0.74897241,0.869061527,0.723546529
924,0.19828741,0.8948035,0.749422581,0.869673084,0.726184894
925,0.19976003,0.890561784,0.752179268,0.867900546,0.72522179
926,0.20034197,0.889934317,0.749001568,0.868553689,0.740926823
927,0.19855869,0.893044235,0.746901494,0.868427612,0.734567361
928,0.2013387,0.89591133,0.745907195,0.866764009,0.719841222
929,0.19842608,0.892928758,0.75602521,0.870133681,0.722922254
930,0.19938333,0.896474319,0.753741047,0.868258368,0.733557351
931,0.19838299,0.896732534,0.752035261,0.869613253,0.730451205
932,0.20135674,0.891755762,0.738656798,0.868605541,0.723793939
933,0.19968694,0.893802724,0.745077279,0.86801174,0.730709859
934,0.19826597,0.891692663,0.752901384,0.8697541,0.726487086
935,0.2035682,0.890530464,0.739174907,0.866999632,0.722703265
936,0.20031635,0.8910763,0.751562844,0.867984039,0.73096637
937,0.20224999,0.890651148,0.740825385,0.86736347,0.724684812
938,0.20011234,0.889704971,0.746708438,0.868571105,0.737089131
939,0.20557316,0.891128066,0.732618882,0.86565248,0.726270162
940,0.19902413,0.895846086,0.729323365,0.867465105,0.739979146
941,0.20304716,0.890780026,0.750992292,0.867305938,0.732328748
942,0.2021365,0.88932477,0.751189212,0.867347901,0.728573725
943,0.19839056,0.894823869,0.749268545,0.868020447,0.742867763
944,0.20497864,0.88924268,0.732454676,0.868850613,0.726772878
945,0.20262639,0.892641597,0.740138585,0.868958923,0.724293558
946,0.19833551,0.898478704,0.74482534,0.868617055,0.724782008
947,0.2016628,0.890866941,0.743988769,0.868412704,0.72721098
948,0.19800082,0.890438037,0.750664173,0.868349106,0.728944097
949,0.2039801,0.894330488,0.744422789,0.866865849,0.720173644
950,0.20162478,0.889488031,0.752074671,0.867505796,0.736549077
951,0.20446748,0.89207095,0.746124351,0.866220401,0.725351019
952,0.20228179,0.896169851,0.74134798,0.865803335,0.729147401
953,0.198541,0.897591567,0.737563241,0.868337205,0.737361357
954,0.20429184,0.890638513,0.735947423,0.866051557,0.727358074
955,0.2004473,0.894574843,0.75011041,0.867708996,0.73671095
956,0.20287335,0.893642679,0.740283184,0.867645373,0.727629071
957,0.2000069,0.895862933,0.751413517,0.867330044,0.746123466
958,0.20463736,0.890242614,0.744021756,0.866487463,0.740466601
959,0.19942805,0.89502649,0.752136313,0.867640227,0.740155672
960,0.20979333,0.896242292,0.732718608,0.865612362,0.725723747
961,0.20037825,0.893734035,0.736879935,0.866391005,0.73725854
962,0.20365487,0.891179678,0.740336918,0.866155315,0.72721098
963,0.2028145,0.896802908,0.73574336,0.865572032,0.724797403
964,0.20045283,0.895407457,0.751401922,0.867263939,0.730607176
965,0.20516832,0.887367402,0.746528123,0.866672574,0.73057333
966,0.20337823,0.894246484,0.750852594,0.866559721,0.725662891
967,0.21066397,0.887729379,0.720431439,0.865850563,0.721208837
968,0.20054139,0.900132446,0.742780489,0.866930227,0.727570438
969,0.20267856,0.89644231,0.72946759,0.864714452,0.728968113
970,0.20629653,0.892423431,0.747049017,0.864458226,0.715687472
971,0.20186819,0.893199685,0.736438024,0.865284761,0.731740093
972,0.20673065,0.889710715,0.738384179,0.865511213,0.713702122
973,0.20670374,0.888832461,0.745438389,0.865102732,0.731390348
974,0.20266996,0.890645635,0.73938058,0.865208958,0.737527763
975,0.20824558,0.890231127,0.744331031,0.864247538,0.732650627
976,0.20041575,0.892357652,0.75067484,0.867156114,0.719204928
977,0.20141263,0.894013079,0.75108106,0.866895912,0.727697693
978,0.20682812,0.895019215,0.744573395,0.864361079,0.719841222
979,0.20172694,0.896002302,0.747624274,0.866130288,0.716430419
980,0.20298173,0.90016032,0.737204042,0.864770667,0.710896111
981,0.21081312,0.890123691,0.729901686,0.864538649,0.713790849
982,0.20353538,0.892255116,0.740728337,0.8664693,0.737798498
983,0.20199938,0.894837423,0.750215472,0.866252056,0.726596699
984,0.2011624,0.893875931,0.749382725,0.866956843,0.723552922
985,0.19990471,0.890932337,0.745763346,0.867397697,0.727771824
986,0.20465003,0.892445944,0.747443343,0.86621984,0.733045825
987,0.2054214,0.893510508,0.743691275,0.865103616,0.732172346
988,0.20694382,0.891890536,0.744923865,0.864441766,0.724125979
989,0.20282374,0.895212494,0.74672059,0.86634466,0.718796295
990,0.2043205,0.893291117,0.744549779,0.86618534,0.734395394
991,0.20209381,0.891321268,0.738240229,0.867794531,0.735743157
992,0.20186776,0.894457528,0.745610501,0.867358246,0.72809408
993,0.20127936,0.893994011,0.74626282,0.866987423,0.734005883
994,0.20532085,0.897529234,0.734955071,0.867190363,0.735055078
995,0.20041849,0.895310818,0.752577897,0.86760133,0.726487086
996,0.19863313,0.898520438,0.740589343,0.867693016,0.726262924
997,0.20058125,0.896397819,0.751050494,0.867658604,0.722600123
998,0.20298398,0.890730405,0.740812675,0.868260906,0.726270162
999,0.20402649,0.888637268,0.732340629,0.867813839,0.724350437
1000,0.19833969,0.896160815,0.752366366,0.868572825,0.732077124
